code,file_size,pricesens,link,time,notices,pages
CTW,117.5KB,False,https://www.asx.com.au/asx/statistics/displayAnnouncement.do?display=pdf&idsId=01942981,22/01/2018 4:53 PM,Citifist Barrier Stop Loss Trigger Event 220118,1
CTW,131.9KB,False,https://www.asx.com.au/asx/statistics/displayAnnouncement.do?display=pdf&idsId=01942980,22/01/2018 4:52 PM,Citifirst GSL MINIs Stop Loss Trigger Event 220118,1
YTM,182.9KB,False,https://www.asx.com.au/asx/statistics/displayAnnouncement.do?display=pdf&idsId=01942979,22/01/2018 4:50 PM,NAV OF XTBs ON ISSUE,2
IMO,9.3KB,False,https://www.asx.com.au/asx/statistics/displayAnnouncement.do?display=pdf&idsId=01942978,22/01/2018 4:46 PM,IMS 2005-2L Bond Factor 29 Jan 2018,1
THC,769.0KB,False,https://www.asx.com.au/asx/statistics/displayAnnouncement.do?display=pdf&idsId=01942977,22/01/2018 4:46 PM,Appendix 3B,13
PAK,71.9KB,False,https://www.asx.com.au/asx/statistics/displayAnnouncement.do?display=pdf&idsId=01942976,22/01/2018 4:42 PM,Change of Director's Interest Notice G Hill,2
MFF,203.8KB,False,https://www.asx.com.au/asx/statistics/displayAnnouncement.do?display=pdf&idsId=01942975,22/01/2018 4:41 PM,Weekly NTA,1
CTW,19.2KB,False,https://www.asx.com.au/asx/statistics/displayAnnouncement.do?display=pdf&idsId=01942974,22/01/2018 4:41 PM,CitiFirst Mason Stevens Strike Changes Effective 23 Jan 18,1
IMM,111.2KB,True,https://www.asx.com.au/asx/statistics/displayAnnouncement.do?display=pdf&idsId=01942973,22/01/2018 4:40 PM,Appendix 4C - quarterly,5
AOD,35.5KB,True,https://www.asx.com.au/asx/statistics/displayAnnouncement.do?display=pdf&idsId=01942972,22/01/2018 4:38 PM,Dividend/Distribution - AOD,4
PIA,440.3KB,False,https://www.asx.com.au/asx/statistics/displayAnnouncement.do?display=pdf&idsId=01942971,22/01/2018 4:36 PM,Monthly Performance Report - December 2017,2
QMN,123.3KB,True,https://www.asx.com.au/asx/statistics/displayAnnouncement.do?display=pdf&idsId=01942970,22/01/2018 4:35 PM,Moly Mines Ltd Intends to Proceed to Compulsory Acquisition,1
CTW,763.4KB,False,https://www.asx.com.au/asx/statistics/displayAnnouncement.do?display=pdf&idsId=01942969,22/01/2018 4:33 PM,CitiFirst MINI strike changes effective 23 jan 18,44
BSE,180.7KB,False,https://www.asx.com.au/asx/statistics/displayAnnouncement.do?display=pdf&idsId=01942968,22/01/2018 4:33 PM,Change of Director's Interest Notice - corrected,2
CTW,230.5KB,False,https://www.asx.com.au/asx/statistics/displayAnnouncement.do?display=pdf&idsId=01942967,22/01/2018 4:33 PM,CitiFirst Instalment MINI strike changes effective 23 jan 18,10
VLW,34.4KB,False,https://www.asx.com.au/asx/statistics/displayAnnouncement.do?display=pdf&idsId=01942966,22/01/2018 4:32 PM,Interest Payment - VLWHA,4
ORE,10.0MB,False,https://www.asx.com.au/asx/statistics/displayAnnouncement.do?display=pdf&idsId=01942965,22/01/2018 4:29 PM,Becoming a substantial holder,61
BIG,767.5KB,False,https://www.asx.com.au/asx/statistics/displayAnnouncement.do?display=pdf&idsId=01942964,22/01/2018 4:27 PM,Appendix 3B and Cleansing Statement,12
BRG,286.6KB,False,https://www.asx.com.au/asx/statistics/displayAnnouncement.do?display=pdf&idsId=01942963,22/01/2018 4:24 PM,Ceasing to be a substantial holder,2
HIG,1.0MB,False,https://www.asx.com.au/asx/statistics/displayAnnouncement.do?display=pdf&idsId=01942962,22/01/2018 4:24 PM,Appendix 3B,12
IFM,240.7KB,False,https://www.asx.com.au/asx/statistics/displayAnnouncement.do?display=pdf&idsId=01942961,22/01/2018 4:16 PM,Change in substantial holding from CBA,34
CBA,240.7KB,False,https://www.asx.com.au/asx/statistics/displayAnnouncement.do?display=pdf&idsId=01942961,22/01/2018 4:16 PM,Change in substantial holding for IFM,34
AYF,126.3KB,False,https://www.asx.com.au/asx/statistics/displayAnnouncement.do?display=pdf&idsId=01942960,22/01/2018 4:15 PM,Net Tangible Asset Backing,2
PAB,1.9MB,False,https://www.asx.com.au/asx/statistics/displayAnnouncement.do?display=pdf&idsId=01942959,22/01/2018 4:13 PM,Despatch of Entitlement Issue Offer Documents,50
MMR,313.3KB,True,https://www.asx.com.au/asx/statistics/displayAnnouncement.do?display=pdf&idsId=01942958,22/01/2018 4:13 PM,MEC Resources Ltd Placement,16
ELK,291.5KB,False,https://www.asx.com.au/asx/statistics/displayAnnouncement.do?display=pdf&idsId=01942957,22/01/2018 4:00 PM,Change of Director's Interest Notice - NT,4
MXT,187.6KB,False,https://www.asx.com.au/asx/statistics/displayAnnouncement.do?display=pdf&idsId=01942956,22/01/2018 3:58 PM,Daily Fund Update,1
NTU,316.9KB,False,https://www.asx.com.au/asx/statistics/displayAnnouncement.do?display=pdf&idsId=01942955,22/01/2018 3:52 PM,Notice under section 708A(5)(e) of the Corporations Act,1
EDC,180.2KB,False,https://www.asx.com.au/asx/statistics/displayAnnouncement.do?display=pdf&idsId=01942954,22/01/2018 3:48 PM,Change in substantial holding,4
EAI,243.1KB,False,https://www.asx.com.au/asx/statistics/displayAnnouncement.do?display=pdf&idsId=01942953,22/01/2018 3:44 PM,EAI - January Weekly Net Tangible Asset Backing Statement,1
WEK,18.8KB,False,https://www.asx.com.au/asx/statistics/displayAnnouncement.do?display=pdf&idsId=01942952,22/01/2018 3:44 PM,Dividend Details - Class A Notes,1
NTU,495.3KB,False,https://www.asx.com.au/asx/statistics/displayAnnouncement.do?display=pdf&idsId=01942951,22/01/2018 3:43 PM,Appendix 3B,13
WSZ,18.7KB,False,https://www.asx.com.au/asx/statistics/displayAnnouncement.do?display=pdf&idsId=01942950,22/01/2018 3:42 PM,Dividend Details - Class A Notes,1
G1A,334.6KB,False,https://www.asx.com.au/asx/statistics/displayAnnouncement.do?display=pdf&idsId=01942949,22/01/2018 3:40 PM,Hartleys Initiates Coverage,1
WSD,29.0KB,False,https://www.asx.com.au/asx/statistics/displayAnnouncement.do?display=pdf&idsId=01942948,22/01/2018 3:38 PM,Dividend Details - Class A Notes,1
MQR,587.9KB,True,https://www.asx.com.au/asx/statistics/displayAnnouncement.do?display=pdf&idsId=01942947,22/01/2018 3:37 PM,Due Diligence Complete- MQR to proceed cobalt acquisition,3
MGG,72.5KB,False,https://www.asx.com.au/asx/statistics/displayAnnouncement.do?display=pdf&idsId=01942946,22/01/2018 3:34 PM,Weekly NAV,1
WSJ,18.6KB,False,https://www.asx.com.au/asx/statistics/displayAnnouncement.do?display=pdf&idsId=01942945,22/01/2018 3:34 PM,Dividend Details - Class A Notes,1
TFG,1.1MB,False,https://www.asx.com.au/asx/statistics/displayAnnouncement.do?display=pdf&idsId=01942944,22/01/2018 3:31 PM,Appendix 3B - Release from escrow,10
MQR,10.3MB,False,https://www.asx.com.au/asx/statistics/displayAnnouncement.do?display=pdf&idsId=01942943,22/01/2018 3:31 PM,Notice of Extraordinary General Meeting/Proxy Form,306
WSH,18.4KB,False,https://www.asx.com.au/asx/statistics/displayAnnouncement.do?display=pdf&idsId=01942942,22/01/2018 3:30 PM,Dividend Details - Class A Notes,1
OIL,610.1KB,True,https://www.asx.com.au/asx/statistics/displayAnnouncement.do?display=pdf&idsId=01942941,22/01/2018 3:30 PM,Market Update - Resignation of CEO,1
WSC,18.6KB,False,https://www.asx.com.au/asx/statistics/displayAnnouncement.do?display=pdf&idsId=01942940,22/01/2018 3:29 PM,Dividend Details - Class A Notes,1
BCT,837.8KB,True,https://www.asx.com.au/asx/statistics/displayAnnouncement.do?display=pdf&idsId=01942939,22/01/2018 3:28 PM,Appendix 4C - quarterly,7
BLK,224.7KB,False,https://www.asx.com.au/asx/statistics/displayAnnouncement.do?display=pdf&idsId=01942938,22/01/2018 3:23 PM,Change of Director's Interest Notice,4
COM,390.7KB,True,https://www.asx.com.au/asx/statistics/displayAnnouncement.do?display=pdf&idsId=01942937,22/01/2018 3:22 PM,ComOps Revision of Strategy,2
BSX,444.0KB,False,https://www.asx.com.au/asx/statistics/displayAnnouncement.do?display=pdf&idsId=01942936,22/01/2018 3:13 PM,Results of General Meeting,1
RBR,743.6KB,False,https://www.asx.com.au/asx/statistics/displayAnnouncement.do?display=pdf&idsId=01942935,22/01/2018 3:08 PM,Change in substantial holding,3
APO,97.8KB,False,https://www.asx.com.au/asx/statistics/displayAnnouncement.do?display=pdf&idsId=01942934,22/01/2018 3:02 PM,APN Outdoor CEO Commences - Appendix 3X,3
RCP,167.5KB,False,https://www.asx.com.au/asx/statistics/displayAnnouncement.do?display=pdf&idsId=01942933,22/01/2018 3:02 PM,Appendix 3X,2
RCP,271.6KB,True,https://www.asx.com.au/asx/statistics/displayAnnouncement.do?display=pdf&idsId=01942932,22/01/2018 3:02 PM,Reinstatement to Official Quotation,1
SMG,242.2KB,True,https://www.asx.com.au/asx/statistics/displayAnnouncement.do?display=pdf&idsId=01942931,22/01/2018 2:58 PM,Reinstatement to Official Quotation,1
LAU,105.1KB,False,https://www.asx.com.au/asx/statistics/displayAnnouncement.do?display=pdf&idsId=01942930,22/01/2018 2:57 PM,Company Secretary Appointment/Resignation,1
RBR,546.7KB,False,https://www.asx.com.au/asx/statistics/displayAnnouncement.do?display=pdf&idsId=01942929,22/01/2018 2:55 PM,s708 Cleansing Statement,1
SOR,348.5KB,True,https://www.asx.com.au/asx/statistics/displayAnnouncement.do?display=pdf&idsId=01942928,22/01/2018 2:53 PM,Appendix 4C,5
RBR,710.7KB,False,https://www.asx.com.au/asx/statistics/displayAnnouncement.do?display=pdf&idsId=01942927,22/01/2018 2:53 PM,Appendix 3B,12
RCP,292.9KB,True,https://www.asx.com.au/asx/statistics/displayAnnouncement.do?display=pdf&idsId=01942926,22/01/2018 2:49 PM,Appointment of Director,1
THR,950.0KB,False,https://www.asx.com.au/asx/statistics/displayAnnouncement.do?display=pdf&idsId=01942925,22/01/2018 2:45 PM,Change of Director's Interest Notice,4
SND,151.1KB,False,https://www.asx.com.au/asx/statistics/displayAnnouncement.do?display=pdf&idsId=01942924,22/01/2018 2:44 PM,Change in substantial holding,4
VPR,366.0KB,True,https://www.asx.com.au/asx/statistics/displayAnnouncement.do?display=pdf&idsId=01942923,22/01/2018 2:39 PM,Results of General Meeting,3
AHF,197.9KB,False,https://www.asx.com.au/asx/statistics/displayAnnouncement.do?display=pdf&idsId=01942922,22/01/2018 2:35 PM,Becoming a substantial holder,2
MVP,245.7KB,True,https://www.asx.com.au/asx/statistics/displayAnnouncement.do?display=pdf&idsId=01942921,22/01/2018 2:34 PM,Penthrox approved in Iceland,2
PGC,99.6KB,False,https://www.asx.com.au/asx/statistics/displayAnnouncement.do?display=pdf&idsId=01942920,22/01/2018 2:32 PM,Chief Executive Officer Transition and Director Resignation,2
NTI,132.8KB,False,https://www.asx.com.au/asx/statistics/displayAnnouncement.do?display=pdf&idsId=01942919,22/01/2018 2:26 PM,Change in substantial holding,3
FEL,122.2KB,False,https://www.asx.com.au/asx/statistics/displayAnnouncement.do?display=pdf&idsId=01942918,22/01/2018 2:26 PM,Ceasing to be a substantial holder,3
REN,276.5KB,False,https://www.asx.com.au/asx/statistics/displayAnnouncement.do?display=pdf&idsId=01942917,22/01/2018 2:25 PM,Indicative 2018 Distributions Calendar,2
GLI,276.5KB,False,https://www.asx.com.au/asx/statistics/displayAnnouncement.do?display=pdf&idsId=01942917,22/01/2018 2:25 PM,Indicative 2018 Distributions Calendar,2
DMK,276.5KB,False,https://www.asx.com.au/asx/statistics/displayAnnouncement.do?display=pdf&idsId=01942917,22/01/2018 2:25 PM,Indicative 2018 Distributions Calendar,2
QAU,245.2KB,False,https://www.asx.com.au/asx/statistics/displayAnnouncement.do?display=pdf&idsId=01942916,22/01/2018 2:24 PM,Indicative 2018 Distributions Calendar,4
AUS,245.2KB,False,https://www.asx.com.au/asx/statistics/displayAnnouncement.do?display=pdf&idsId=01942916,22/01/2018 2:24 PM,Indicative 2018 Distributions Calendar,4
WRL,245.2KB,False,https://www.asx.com.au/asx/statistics/displayAnnouncement.do?display=pdf&idsId=01942916,22/01/2018 2:24 PM,Indicative 2018 Distributions Calendar,4
OOO,245.2KB,False,https://www.asx.com.au/asx/statistics/displayAnnouncement.do?display=pdf&idsId=01942916,22/01/2018 2:24 PM,Indicative 2018 Distributions Calendar,4
QAG,245.2KB,False,https://www.asx.com.au/asx/statistics/displayAnnouncement.do?display=pdf&idsId=01942916,22/01/2018 2:24 PM,Indicative 2018 Distributions Calendar,4
QCB,245.2KB,False,https://www.asx.com.au/asx/statistics/displayAnnouncement.do?display=pdf&idsId=01942916,22/01/2018 2:24 PM,Indicative 2018 Distributions Calendar,4
NDQ,245.2KB,False,https://www.asx.com.au/asx/statistics/displayAnnouncement.do?display=pdf&idsId=01942916,22/01/2018 2:24 PM,Indicative 2018 Distributions Calendar,4
BEA,245.2KB,False,https://www.asx.com.au/asx/statistics/displayAnnouncement.do?display=pdf&idsId=01942916,22/01/2018 2:24 PM,Indicative 2018 Distributions Calendar,4
QOZ,245.2KB,False,https://www.asx.com.au/asx/statistics/displayAnnouncement.do?display=pdf&idsId=01942916,22/01/2018 2:24 PM,Indicative 2018 Distributions Calendar,4
HVS,245.2KB,False,https://www.asx.com.au/asx/statistics/displayAnnouncement.do?display=pdf&idsId=01942916,22/01/2018 2:24 PM,Indicative 2018 Distributions Calendar,4
BBO,245.2KB,False,https://www.asx.com.au/asx/statistics/displayAnnouncement.do?display=pdf&idsId=01942916,22/01/2018 2:24 PM,Indicative 2018 Distributions Calendar,4
QUS,245.2KB,False,https://www.asx.com.au/asx/statistics/displayAnnouncement.do?display=pdf&idsId=01942916,22/01/2018 2:24 PM,Indicative 2018 Distributions Calendar,4
POU,245.2KB,False,https://www.asx.com.au/asx/statistics/displayAnnouncement.do?display=pdf&idsId=01942916,22/01/2018 2:24 PM,Indicative 2018 Distributions Calendar,4
EEU,245.2KB,False,https://www.asx.com.au/asx/statistics/displayAnnouncement.do?display=pdf&idsId=01942916,22/01/2018 2:24 PM,Indicative 2018 Distributions Calendar,4
GGU,245.2KB,False,https://www.asx.com.au/asx/statistics/displayAnnouncement.do?display=pdf&idsId=01942916,22/01/2018 2:24 PM,Indicative 2018 Distributions Calendar,4
BBU,245.2KB,False,https://www.asx.com.au/asx/statistics/displayAnnouncement.do?display=pdf&idsId=01942916,22/01/2018 2:24 PM,Indicative 2018 Distributions Calendar,4
AAA,245.2KB,False,https://www.asx.com.au/asx/statistics/displayAnnouncement.do?display=pdf&idsId=01942916,22/01/2018 2:24 PM,Indicative 2018 Distributions Calendar,4
HEU,245.2KB,False,https://www.asx.com.au/asx/statistics/displayAnnouncement.do?display=pdf&idsId=01942916,22/01/2018 2:24 PM,Indicative 2018 Distributions Calendar,4
HJP,245.2KB,False,https://www.asx.com.au/asx/statistics/displayAnnouncement.do?display=pdf&idsId=01942916,22/01/2018 2:24 PM,Indicative 2018 Distributions Calendar,4
FOO,245.2KB,False,https://www.asx.com.au/asx/statistics/displayAnnouncement.do?display=pdf&idsId=01942916,22/01/2018 2:24 PM,Indicative 2018 Distributions Calendar,4
FUE,245.2KB,False,https://www.asx.com.au/asx/statistics/displayAnnouncement.do?display=pdf&idsId=01942916,22/01/2018 2:24 PM,Indicative 2018 Distributions Calendar,4
BNK,245.2KB,False,https://www.asx.com.au/asx/statistics/displayAnnouncement.do?display=pdf&idsId=01942916,22/01/2018 2:24 PM,Indicative 2018 Distributions Calendar,4
DRU,245.2KB,False,https://www.asx.com.au/asx/statistics/displayAnnouncement.do?display=pdf&idsId=01942916,22/01/2018 2:24 PM,Indicative 2018 Distributions Calendar,4
MNR,245.2KB,False,https://www.asx.com.au/asx/statistics/displayAnnouncement.do?display=pdf&idsId=01942916,22/01/2018 2:24 PM,Indicative 2018 Distributions Calendar,4
USD,245.2KB,False,https://www.asx.com.au/asx/statistics/displayAnnouncement.do?display=pdf&idsId=01942916,22/01/2018 2:24 PM,Indicative 2018 Distributions Calendar,4
YMA,245.2KB,False,https://www.asx.com.au/asx/statistics/displayAnnouncement.do?display=pdf&idsId=01942916,22/01/2018 2:24 PM,Indicative 2018 Distributions Calendar,4
UMA,245.2KB,False,https://www.asx.com.au/asx/statistics/displayAnnouncement.do?display=pdf&idsId=01942916,22/01/2018 2:24 PM,Indicative 2018 Distributions Calendar,4
QFN,245.2KB,False,https://www.asx.com.au/asx/statistics/displayAnnouncement.do?display=pdf&idsId=01942916,22/01/2018 2:24 PM,Indicative 2018 Distributions Calendar,4
GEA,245.2KB,False,https://www.asx.com.au/asx/statistics/displayAnnouncement.do?display=pdf&idsId=01942916,22/01/2018 2:24 PM,Indicative 2018 Distributions Calendar,4
QRE,245.2KB,False,https://www.asx.com.au/asx/statistics/displayAnnouncement.do?display=pdf&idsId=01942916,22/01/2018 2:24 PM,Indicative 2018 Distributions Calendar,4
SML,245.2KB,False,https://www.asx.com.au/asx/statistics/displayAnnouncement.do?display=pdf&idsId=01942916,22/01/2018 2:24 PM,Indicative 2018 Distributions Calendar,4
ETH,245.2KB,False,https://www.asx.com.au/asx/statistics/displayAnnouncement.do?display=pdf&idsId=01942916,22/01/2018 2:24 PM,Indicative 2018 Distributions Calendar,4
QPO,245.2KB,False,https://www.asx.com.au/asx/statistics/displayAnnouncement.do?display=pdf&idsId=01942916,22/01/2018 2:24 PM,Indicative 2018 Distributions Calendar,4
HAC,245.2KB,False,https://www.asx.com.au/asx/statistics/displayAnnouncement.do?display=pdf&idsId=01942916,22/01/2018 2:24 PM,Indicative 2018 Distributions Calendar,4
EX2,245.2KB,False,https://www.asx.com.au/asx/statistics/displayAnnouncement.do?display=pdf&idsId=01942916,22/01/2018 2:24 PM,Indicative 2018 Distributions Calendar,4
AUD,245.2KB,False,https://www.asx.com.au/asx/statistics/displayAnnouncement.do?display=pdf&idsId=01942916,22/01/2018 2:24 PM,Indicative 2018 Distributions Calendar,4
YAN,245.2KB,False,https://www.asx.com.au/asx/statistics/displayAnnouncement.do?display=pdf&idsId=01942916,22/01/2018 2:24 PM,Indicative 2018 Distributions Calendar,4
HBR,245.2KB,False,https://www.asx.com.au/asx/statistics/displayAnnouncement.do?display=pdf&idsId=01942916,22/01/2018 2:24 PM,Indicative 2018 Distributions Calendar,4
FAI,245.2KB,False,https://www.asx.com.au/asx/statistics/displayAnnouncement.do?display=pdf&idsId=01942916,22/01/2018 2:24 PM,Indicative 2018 Distributions Calendar,4
IHR,225.3KB,False,https://www.asx.com.au/asx/statistics/displayAnnouncement.do?display=pdf&idsId=01942915,22/01/2018 2:11 PM,Pre-quotation disclosure statements,2
SCU,473.1KB,False,https://www.asx.com.au/asx/statistics/displayAnnouncement.do?display=pdf&idsId=01942914,22/01/2018 2:02 PM,Cleansing Notice,1
SCU,695.8KB,False,https://www.asx.com.au/asx/statistics/displayAnnouncement.do?display=pdf&idsId=01942913,22/01/2018 2:01 PM,Appendix 3B,12
SPQ,377.6KB,False,https://www.asx.com.au/asx/statistics/displayAnnouncement.do?display=pdf&idsId=01942912,22/01/2018 1:59 PM,Appendix 3B,15
ZYB,2.1MB,False,https://www.asx.com.au/asx/statistics/displayAnnouncement.do?display=pdf&idsId=01942911,22/01/2018 1:59 PM,Director Appointment/Resignation,1
IHR,920.6KB,False,https://www.asx.com.au/asx/statistics/displayAnnouncement.do?display=pdf&idsId=01942910,22/01/2018 1:54 PM,Full year audited accounts as at 30 June 2017,33
CHK,560.9KB,False,https://www.asx.com.au/asx/statistics/displayAnnouncement.do?display=pdf&idsId=01942909,22/01/2018 1:54 PM,Clarification of Announcement dated 9 January 2018,1
IHR,887.6KB,False,https://www.asx.com.au/asx/statistics/displayAnnouncement.do?display=pdf&idsId=01942908,22/01/2018 1:53 PM,Full year audited accounts as at 30 June 2016,29
IHR,785.0KB,False,https://www.asx.com.au/asx/statistics/displayAnnouncement.do?display=pdf&idsId=01942907,22/01/2018 1:53 PM,Full year audited accounts as at 30 June 2015,27
ALR,92.4KB,False,https://www.asx.com.au/asx/statistics/displayAnnouncement.do?display=pdf&idsId=01942906,22/01/2018 1:49 PM,December Monthly Factsheet,2
CIW,499.7KB,True,https://www.asx.com.au/asx/statistics/displayAnnouncement.do?display=pdf&idsId=01942905,22/01/2018 1:36 PM,Quarterly market update - Dec 2017,2
WHK,436.1KB,False,https://www.asx.com.au/asx/statistics/displayAnnouncement.do?display=pdf&idsId=01942904,22/01/2018 1:33 PM,Restricted Securities Schedule,1
BRB,33.4KB,False,https://www.asx.com.au/asx/statistics/displayAnnouncement.do?display=pdf&idsId=01942903,22/01/2018 1:28 PM,Research Note on Website,1
BYI,398.8KB,False,https://www.asx.com.au/asx/statistics/displayAnnouncement.do?display=pdf&idsId=01942902,22/01/2018 1:26 PM,Change of Director's Interest Notice,3
CVV,4.7MB,False,https://www.asx.com.au/asx/statistics/displayAnnouncement.do?display=pdf&idsId=01942901,22/01/2018 1:23 PM,Investor Presentation,21
MTH,300.6KB,True,https://www.asx.com.au/asx/statistics/displayAnnouncement.do?display=pdf&idsId=01942900,22/01/2018 1:22 PM,Quarterly Cash Flow Report December 2017,8
MTH,1.2MB,True,https://www.asx.com.au/asx/statistics/displayAnnouncement.do?display=pdf&idsId=01942899,22/01/2018 1:22 PM,Quarterly Activity Report December 2017,8
APL,684.5KB,False,https://www.asx.com.au/asx/statistics/displayAnnouncement.do?display=pdf&idsId=01942898,22/01/2018 1:08 PM,Appendix 3B,12
DAQ,1.7MB,False,https://www.asx.com.au/asx/statistics/displayAnnouncement.do?display=pdf&idsId=01942897,22/01/2018 1:02 PM,DA2T Investor Report - January 2018,53
INM,105.5KB,False,https://www.asx.com.au/asx/statistics/displayAnnouncement.do?display=pdf&idsId=01942896,22/01/2018 1:02 PM,Form 4 Stmt of Changes in Beneficial Ownership of Securities,3
INM,107.3KB,False,https://www.asx.com.au/asx/statistics/displayAnnouncement.do?display=pdf&idsId=01942895,22/01/2018 1:01 PM,Form 4 Stmt of Changes in Beneficial Ownership of Securities,3
BLZ,415.5KB,False,https://www.asx.com.au/asx/statistics/displayAnnouncement.do?display=pdf&idsId=01942894,22/01/2018 12:53 PM,Notice of Initial Substantial Holder,2
DAZ,1.5MB,True,https://www.asx.com.au/asx/statistics/displayAnnouncement.do?display=pdf&idsId=01942893,22/01/2018 12:45 PM,DA4T Investor Report - Jan 2017,52
TPP,395.9KB,True,https://www.asx.com.au/asx/statistics/displayAnnouncement.do?display=pdf&idsId=01942892,22/01/2018 12:42 PM,Tempo secures new contracts,2
XST,95.0KB,True,https://www.asx.com.au/asx/statistics/displayAnnouncement.do?display=pdf&idsId=01942891,22/01/2018 12:35 PM,Legal Update on Singapore High Court Action,2
FSF,185.7KB,True,https://www.asx.com.au/asx/statistics/displayAnnouncement.do?display=pdf&idsId=01942890,22/01/2018 12:34 PM,Fonterra responds to Beingmate forecast earnings downgrade,2
HAR,25.9KB,False,https://www.asx.com.au/asx/statistics/displayAnnouncement.do?display=pdf&idsId=01942889,22/01/2018 12:34 PM,Cancel - Consolidation/Split - HAR,3
AD1,348.6KB,False,https://www.asx.com.au/asx/statistics/displayAnnouncement.do?display=pdf&idsId=01942888,22/01/2018 12:31 PM,Results of Meeting,2
ECG,121.0KB,True,https://www.asx.com.au/asx/statistics/displayAnnouncement.do?display=pdf&idsId=01942887,22/01/2018 12:29 PM,Agreement to acquire Jessica's Suitcase Pty Ltd,3
SMG,121.1KB,False,https://www.asx.com.au/asx/statistics/displayAnnouncement.do?display=pdf&idsId=01942886,22/01/2018 12:27 PM,Results of Meeting,1
CDC,79.3KB,False,https://www.asx.com.au/asx/statistics/displayAnnouncement.do?display=pdf&idsId=01942885,22/01/2018 12:26 PM,Release of CDC Securities from Voluntary Escrow,1
HAR,28.4KB,False,https://www.asx.com.au/asx/statistics/displayAnnouncement.do?display=pdf&idsId=01942884,22/01/2018 12:24 PM,Cancel - Consolidation/Split - HAR,3
FET,337.4KB,False,https://www.asx.com.au/asx/statistics/displayAnnouncement.do?display=pdf&idsId=01942883,22/01/2018 12:23 PM,Appendix 3Y,2
PKA,75.3KB,False,https://www.asx.com.au/asx/statistics/displayAnnouncement.do?display=pdf&idsId=01942882,22/01/2018 12:23 PM,Ceasing to be a substantial holder,2
DAE,1.5MB,False,https://www.asx.com.au/asx/statistics/displayAnnouncement.do?display=pdf&idsId=01942881,22/01/2018 12:21 PM,DA3T Investor Report - Jan 2017,50
FET,689.2KB,False,https://www.asx.com.au/asx/statistics/displayAnnouncement.do?display=pdf&idsId=01942880,22/01/2018 12:20 PM,Appendix 3B,12
YTM,34.1KB,False,https://www.asx.com.au/asx/statistics/displayAnnouncement.do?display=pdf&idsId=01942879,22/01/2018 12:19 PM,Dividend/Distribution - YTMF07,4
JRV,275.3KB,False,https://www.asx.com.au/asx/statistics/displayAnnouncement.do?display=pdf&idsId=01942878,22/01/2018 12:19 PM,Results of Meeting,1
TCL,36.1KB,False,https://www.asx.com.au/asx/statistics/displayAnnouncement.do?display=pdf&idsId=01942877,22/01/2018 12:19 PM,Update - Dividend/Distribution - TCL,4
KAS,566.6KB,False,https://www.asx.com.au/asx/statistics/displayAnnouncement.do?display=pdf&idsId=01942876,22/01/2018 12:19 PM,Director Appointment/Resignation,2
IHR,294.4KB,False,https://www.asx.com.au/asx/statistics/displayAnnouncement.do?display=pdf&idsId=01942875,22/01/2018 12:18 PM,Terms & conditions of Performance Rights Plan,17
CYP,222.4KB,True,https://www.asx.com.au/asx/statistics/displayAnnouncement.do?display=pdf&idsId=01942874,22/01/2018 12:17 PM,Encouraging Early Data-Cynata Clinical Trial Proceeds,3
IHR,161.9KB,False,https://www.asx.com.au/asx/statistics/displayAnnouncement.do?display=pdf&idsId=01942873,22/01/2018 12:08 PM,Terms & conditions of ESOP,17
IHR,323.5KB,False,https://www.asx.com.au/asx/statistics/displayAnnouncement.do?display=pdf&idsId=01942872,22/01/2018 12:07 PM,Securities Trading Policy,7
SHK,870.4KB,False,https://www.asx.com.au/asx/statistics/displayAnnouncement.do?display=pdf&idsId=01942871,22/01/2018 12:06 PM,Response to ASX appendix 3Y query,4
PRU,321.0KB,False,https://www.asx.com.au/asx/statistics/displayAnnouncement.do?display=pdf&idsId=01942870,22/01/2018 12:05 PM,December quarterly conference call,1
IHR,471.0KB,False,https://www.asx.com.au/asx/statistics/displayAnnouncement.do?display=pdf&idsId=01942869,22/01/2018 12:05 PM,Constitution,55
IHR,13.3KB,False,https://www.asx.com.au/asx/statistics/displayAnnouncement.do?display=pdf&idsId=01942868,22/01/2018 12:03 PM,Top 20 Holders List,2
IHR,11.3KB,False,https://www.asx.com.au/asx/statistics/displayAnnouncement.do?display=pdf&idsId=01942867,22/01/2018 12:02 PM,Distribution Schedule,1
IHR,71.3KB,False,https://www.asx.com.au/asx/statistics/displayAnnouncement.do?display=pdf&idsId=01942866,22/01/2018 12:02 PM,Supplementary Prospectus,1
IHR,6.8MB,False,https://www.asx.com.au/asx/statistics/displayAnnouncement.do?display=pdf&idsId=01942865,22/01/2018 12:01 PM,Replacement Prospectus,106
IHR,404.2KB,False,https://www.asx.com.au/asx/statistics/displayAnnouncement.do?display=pdf&idsId=01942864,22/01/2018 11:59 AM,Information Form & Checklist,15
IHR,216.1KB,False,https://www.asx.com.au/asx/statistics/displayAnnouncement.do?display=pdf&idsId=01942863,22/01/2018 11:59 AM,Appendix 1A,3
TCL,186.7KB,False,https://www.asx.com.au/asx/statistics/displayAnnouncement.do?display=pdf&idsId=01942862,22/01/2018 11:56 AM,Distribution Reinvestment Plan,1
PL8,684.3KB,False,https://www.asx.com.au/asx/statistics/displayAnnouncement.do?display=pdf&idsId=01942861,22/01/2018 11:55 AM,Appendix 3B,12
NIU,182.0KB,False,https://www.asx.com.au/asx/statistics/displayAnnouncement.do?display=pdf&idsId=01942860,22/01/2018 11:53 AM,Initial Director's Interest Notice,2
WHK,59.9KB,False,https://www.asx.com.au/asx/statistics/displayAnnouncement.do?display=pdf&idsId=01942859,22/01/2018 11:50 AM,Updated Proforma Statement of Financial Condition,2
WHK,56.8KB,False,https://www.asx.com.au/asx/statistics/displayAnnouncement.do?display=pdf&idsId=01942858,22/01/2018 11:50 AM,Confirmations,3
BRL,9.3MB,True,https://www.asx.com.au/asx/statistics/displayAnnouncement.do?display=pdf&idsId=01942857,22/01/2018 11:49 AM,Quarterly Activities Report,4
WHK,155.3KB,False,https://www.asx.com.au/asx/statistics/displayAnnouncement.do?display=pdf&idsId=01942856,22/01/2018 11:49 AM,Corporate Governance Statement,13
LML,691.7KB,True,https://www.asx.com.au/asx/statistics/displayAnnouncement.do?display=pdf&idsId=01942855,22/01/2018 11:49 AM,Quarterly Activities and Cashflow Report December 2017,9
IHR,287.5KB,False,https://www.asx.com.au/asx/statistics/displayAnnouncement.do?display=pdf&idsId=01942854,22/01/2018 11:47 AM,ASX Notice - Admission & Commencement of Official Quotation,2
CFO,120.2KB,True,https://www.asx.com.au/asx/statistics/displayAnnouncement.do?display=pdf&idsId=01942853,22/01/2018 11:47 AM,Completes non-dilutive funding for Phase 1 capital expansion,3
WHK,55.0KB,False,https://www.asx.com.au/asx/statistics/displayAnnouncement.do?display=pdf&idsId=01942852,22/01/2018 11:45 AM,Securities Trading Policy,7
IHR,245.3KB,True,https://www.asx.com.au/asx/statistics/displayAnnouncement.do?display=pdf&idsId=01942851,22/01/2018 11:44 AM,Admission to Official List,1
WHK,222.3KB,False,https://www.asx.com.au/asx/statistics/displayAnnouncement.do?display=pdf&idsId=01942850,22/01/2018 11:43 AM,Performance Rights and Option Plan,30
WHK,67.5KB,False,https://www.asx.com.au/asx/statistics/displayAnnouncement.do?display=pdf&idsId=01942849,22/01/2018 11:41 AM,Management Accounts 300917,2
AXP,114.0KB,False,https://www.asx.com.au/asx/statistics/displayAnnouncement.do?display=pdf&idsId=01942848,22/01/2018 11:39 AM,Quarterly Conference Call and Business Update,2
PIA,184.0KB,False,https://www.asx.com.au/asx/statistics/displayAnnouncement.do?display=pdf&idsId=01942847,22/01/2018 11:38 AM,Invite - PIA Investor Roadshow,1
SVY,2.5MB,True,https://www.asx.com.au/asx/statistics/displayAnnouncement.do?display=pdf&idsId=01942846,22/01/2018 11:36 AM,Queensland Exploration Update,22
WHK,1.4MB,False,https://www.asx.com.au/asx/statistics/displayAnnouncement.do?display=pdf&idsId=01942845,22/01/2018 11:35 AM,WhiteHawk CEC 2017 Financials,22
WHK,1.1MB,False,https://www.asx.com.au/asx/statistics/displayAnnouncement.do?display=pdf&idsId=01942844,22/01/2018 11:34 AM,WhiteHawk CEC 2016 Financials,22
WHK,910.4KB,False,https://www.asx.com.au/asx/statistics/displayAnnouncement.do?display=pdf&idsId=01942843,22/01/2018 11:33 AM,WhiteHawk CEC 2015 Financials,18
WHK,2.8MB,False,https://www.asx.com.au/asx/statistics/displayAnnouncement.do?display=pdf&idsId=01942842,22/01/2018 11:32 AM,Constitution,68
SWF,280.7KB,True,https://www.asx.com.au/asx/statistics/displayAnnouncement.do?display=pdf&idsId=01942841,22/01/2018 11:31 AM,SelfWealth - Open Markets transition,2
WHK,2.2MB,False,https://www.asx.com.au/asx/statistics/displayAnnouncement.do?display=pdf&idsId=01942840,22/01/2018 11:30 AM,Replacement Prospectus,115
WHK,5.0MB,False,https://www.asx.com.au/asx/statistics/displayAnnouncement.do?display=pdf&idsId=01942839,22/01/2018 11:28 AM,Information Form and Checklist,13
IDX,65.8KB,False,https://www.asx.com.au/asx/statistics/displayAnnouncement.do?display=pdf&idsId=01942838,22/01/2018 11:28 AM,FY18 Half Year Results Audio Recording,1
SRK,1.4MB,True,https://www.asx.com.au/asx/statistics/displayAnnouncement.do?display=pdf&idsId=01942837,22/01/2018 11:27 AM,Burke Graphite Project - Update,7
WHK,1.1MB,False,https://www.asx.com.au/asx/statistics/displayAnnouncement.do?display=pdf&idsId=01942836,22/01/2018 11:27 AM,Appendix 1A,3
WHK,69.4KB,False,https://www.asx.com.au/asx/statistics/displayAnnouncement.do?display=pdf&idsId=01942835,22/01/2018 11:26 AM,Top 20 Holders,3
WHK,63.2KB,False,https://www.asx.com.au/asx/statistics/displayAnnouncement.do?display=pdf&idsId=01942834,22/01/2018 11:26 AM,Distribution Schedule,1
UBI,824.0KB,True,https://www.asx.com.au/asx/statistics/displayAnnouncement.do?display=pdf&idsId=01942833,22/01/2018 11:23 AM,Appendix 4C - quarterly,7
BPT,209.5KB,False,https://www.asx.com.au/asx/statistics/displayAnnouncement.do?display=pdf&idsId=01942832,22/01/2018 11:23 AM,Change of External Auditor,1
WHK,93.6KB,False,https://www.asx.com.au/asx/statistics/displayAnnouncement.do?display=pdf&idsId=01942831,22/01/2018 11:21 AM,Pre-Quotation Disclosure,2
MEB,87.6KB,False,https://www.asx.com.au/asx/statistics/displayAnnouncement.do?display=pdf&idsId=01942830,22/01/2018 11:20 AM,Final Director's Interest Notice,2
WHK,95.9KB,False,https://www.asx.com.au/asx/statistics/displayAnnouncement.do?display=pdf&idsId=01942829,22/01/2018 11:20 AM,ASX Circular,2
WHK,86.6KB,True,https://www.asx.com.au/asx/statistics/displayAnnouncement.do?display=pdf&idsId=01942828,22/01/2018 11:19 AM,Admission to Official List,1
AVG,28.7KB,False,https://www.asx.com.au/asx/statistics/displayAnnouncement.do?display=pdf&idsId=01942827,22/01/2018 11:18 AM,FY2018 Half Year Reporting,1
VTI,419.3KB,True,https://www.asx.com.au/asx/statistics/displayAnnouncement.do?display=pdf&idsId=01942826,22/01/2018 11:15 AM,Appendix 4C and Cashflow Report Cover Note,8
ESK,186.7KB,True,https://www.asx.com.au/asx/statistics/displayAnnouncement.do?display=pdf&idsId=01942825,22/01/2018 11:12 AM,Completion of Canadian Utility Project Stage 2,1
ORB,188.7KB,False,https://www.asx.com.au/asx/statistics/displayAnnouncement.do?display=pdf&idsId=01942824,22/01/2018 11:09 AM,mFund - Monthly Redemption Report - ORB01,1
IWM,187.0KB,False,https://www.asx.com.au/asx/statistics/displayAnnouncement.do?display=pdf&idsId=01942823,22/01/2018 11:09 AM,mFund - Monthly Redemption Report - IWM07,1
IWM,185.6KB,False,https://www.asx.com.au/asx/statistics/displayAnnouncement.do?display=pdf&idsId=01942822,22/01/2018 11:08 AM,mFund - Monthly Redemption Report - IWM06,1
IWM,185.0KB,False,https://www.asx.com.au/asx/statistics/displayAnnouncement.do?display=pdf&idsId=01942821,22/01/2018 11:08 AM,mFund - Monthly Redemption Report - IWM05,1
BAS,757.2KB,True,https://www.asx.com.au/asx/statistics/displayAnnouncement.do?display=pdf&idsId=01942820,22/01/2018 11:08 AM,December Quarterly Activities Report and Appendix 5B,9
IWM,185.6KB,False,https://www.asx.com.au/asx/statistics/displayAnnouncement.do?display=pdf&idsId=01942819,22/01/2018 11:07 AM,mFund - Monthly Redemption Report - IWM04,1
IWM,185.5KB,False,https://www.asx.com.au/asx/statistics/displayAnnouncement.do?display=pdf&idsId=01942818,22/01/2018 11:07 AM,mFund - Monthly Redemption Report - IWM03,1
IWM,185.6KB,False,https://www.asx.com.au/asx/statistics/displayAnnouncement.do?display=pdf&idsId=01942817,22/01/2018 11:06 AM,mFund - Monthly Redemption Report - IWM02,1
IWM,185.4KB,False,https://www.asx.com.au/asx/statistics/displayAnnouncement.do?display=pdf&idsId=01942816,22/01/2018 11:06 AM,mFund - Monthly Redemption Report - IWM01,1
FEC,185.7KB,False,https://www.asx.com.au/asx/statistics/displayAnnouncement.do?display=pdf&idsId=01942815,22/01/2018 11:06 AM,mFund - Monthly Redemption Report - FEC01,1
MLO,32.2KB,False,https://www.asx.com.au/asx/statistics/displayAnnouncement.do?display=pdf&idsId=01942814,22/01/2018 11:06 AM,mFund - Update of information - MLO02,1
ARV,2.8MB,True,https://www.asx.com.au/asx/statistics/displayAnnouncement.do?display=pdf&idsId=01942813,22/01/2018 11:03 AM,First Cobalt/Copper/Gold JORC Resource Carlow Castle Amended,23
EAP,185.2KB,False,https://www.asx.com.au/asx/statistics/displayAnnouncement.do?display=pdf&idsId=01942812,22/01/2018 11:03 AM,mFund - Monthly Redemption Report - EAP03,1
KAP,32.1KB,False,https://www.asx.com.au/asx/statistics/displayAnnouncement.do?display=pdf&idsId=01942811,22/01/2018 11:03 AM,mFund - Update of information - KAP01,1
EAP,184.3KB,False,https://www.asx.com.au/asx/statistics/displayAnnouncement.do?display=pdf&idsId=01942810,22/01/2018 11:03 AM,mFund - Monthly Redemption Report - EAP01,1
AQY,185.5KB,False,https://www.asx.com.au/asx/statistics/displayAnnouncement.do?display=pdf&idsId=01942809,22/01/2018 11:02 AM,mFund - Monthly Redemption Report - AQY03,1
AQY,186.3KB,False,https://www.asx.com.au/asx/statistics/displayAnnouncement.do?display=pdf&idsId=01942808,22/01/2018 11:01 AM,mFund - Monthly Redemption Report - AQY02,1
BAM,32.5KB,False,https://www.asx.com.au/asx/statistics/displayAnnouncement.do?display=pdf&idsId=01942807,22/01/2018 11:01 AM,mFund - Update of information - BAM03,1
AQY,184.8KB,False,https://www.asx.com.au/asx/statistics/displayAnnouncement.do?display=pdf&idsId=01942806,22/01/2018 11:01 AM,mFund - Monthly Redemption Report - AQY01,1
BAM,32.4KB,False,https://www.asx.com.au/asx/statistics/displayAnnouncement.do?display=pdf&idsId=01942805,22/01/2018 11:00 AM,mFund - Update of information - BAM04,1
ACY,187.9KB,False,https://www.asx.com.au/asx/statistics/displayAnnouncement.do?display=pdf&idsId=01942804,22/01/2018 11:00 AM,mFund - Monthly Redemption Report - ACY02,1
ACY,186.3KB,False,https://www.asx.com.au/asx/statistics/displayAnnouncement.do?display=pdf&idsId=01942803,22/01/2018 11:00 AM,mFund - Monthly Redemption Report - ACY01,1
BAM,32.5KB,False,https://www.asx.com.au/asx/statistics/displayAnnouncement.do?display=pdf&idsId=01942802,22/01/2018 10:59 AM,mFund - Update of information - BAM05,1
ALH,32.5KB,False,https://www.asx.com.au/asx/statistics/displayAnnouncement.do?display=pdf&idsId=01942801,22/01/2018 10:58 AM,mFund - Update of information - ALH03,1
ALH,32.5KB,False,https://www.asx.com.au/asx/statistics/displayAnnouncement.do?display=pdf&idsId=01942800,22/01/2018 10:56 AM,mFund - Update of information - ALH02,1
MSG,602.3KB,True,https://www.asx.com.au/asx/statistics/displayAnnouncement.do?display=pdf&idsId=01942799,22/01/2018 10:56 AM,Stadium contract,1
ALH,32.5KB,False,https://www.asx.com.au/asx/statistics/displayAnnouncement.do?display=pdf&idsId=01942798,22/01/2018 10:56 AM,mFund - Update of information - ALH01,1
TEM,32.2KB,False,https://www.asx.com.au/asx/statistics/displayAnnouncement.do?display=pdf&idsId=01942797,22/01/2018 10:53 AM,mFund - Update of information - TEM01,1
IMD,291.0KB,False,https://www.asx.com.au/asx/statistics/displayAnnouncement.do?display=pdf&idsId=01942796,22/01/2018 10:53 AM,Amended Appendix 3B,10
MAQ,208.7KB,True,https://www.asx.com.au/asx/statistics/displayAnnouncement.do?display=pdf&idsId=01942795,22/01/2018 10:51 AM,BPF: Receipt of non-binding indicative proposals,2
BPF,208.7KB,True,https://www.asx.com.au/asx/statistics/displayAnnouncement.do?display=pdf&idsId=01942795,22/01/2018 10:51 AM,Receipt of non-binding indicative proposals,2
AXE,531.9KB,False,https://www.asx.com.au/asx/statistics/displayAnnouncement.do?display=pdf&idsId=01942794,22/01/2018 10:48 AM,Appendix 3B,12
AUB,296.1KB,False,https://www.asx.com.au/asx/statistics/displayAnnouncement.do?display=pdf&idsId=01942793,22/01/2018 10:48 AM,Half Year Resuts FY18 Teleconference Details,1
CTW,73.4KB,False,https://www.asx.com.au/asx/statistics/displayAnnouncement.do?display=pdf&idsId=01942792,22/01/2018 10:47 AM,Citifirst DJW Instalment MINIs Dividend Announcement,1
ALL,789.8KB,False,https://www.asx.com.au/asx/statistics/displayAnnouncement.do?display=pdf&idsId=01942791,22/01/2018 10:46 AM,Notice of 2018 Annual General Meeting and Proxy Form,15
TUP,96.1KB,False,https://www.asx.com.au/asx/statistics/displayAnnouncement.do?display=pdf&idsId=01942790,22/01/2018 10:32 AM,Proposed Issue of Options,2
RGL,3.4MB,True,https://www.asx.com.au/asx/statistics/displayAnnouncement.do?display=pdf&idsId=01942789,22/01/2018 10:29 AM,Quarterly Activities Report and Appendix 5B,15
CAN,534.2KB,False,https://www.asx.com.au/asx/statistics/displayAnnouncement.do?display=pdf&idsId=01942788,22/01/2018 10:27 AM,Notice given under section 708A(5)(e) of Corporations Act,1
HEG,199.1KB,True,https://www.asx.com.au/asx/statistics/displayAnnouncement.do?display=pdf&idsId=01942787,22/01/2018 10:27 AM,Appointment of Managing Director and Finance Director,1
IOF,161.8KB,False,https://www.asx.com.au/asx/statistics/displayAnnouncement.do?display=pdf&idsId=01942786,22/01/2018 10:20 AM,Change of Address,1
RCT,430.7KB,False,https://www.asx.com.au/asx/statistics/displayAnnouncement.do?display=pdf&idsId=01942785,22/01/2018 10:20 AM,Becoming a substantial holder,12
RCP,492.5KB,True,https://www.asx.com.au/asx/statistics/displayAnnouncement.do?display=pdf&idsId=01942784,22/01/2018 10:19 AM,Suspension from Official Quotation,2
ABW,363.0KB,False,https://www.asx.com.au/asx/statistics/displayAnnouncement.do?display=pdf&idsId=01942783,22/01/2018 10:15 AM,ABW - NTA Estimate $0.65,1
AOD,366.9KB,False,https://www.asx.com.au/asx/statistics/displayAnnouncement.do?display=pdf&idsId=01942782,22/01/2018 10:14 AM,AOD NTA Estimate - $0.6512,2
VCD,275.8KB,True,https://www.asx.com.au/asx/statistics/displayAnnouncement.do?display=pdf&idsId=01942781,22/01/2018 10:14 AM,December 2017 valuations,2
HAR,318.7KB,True,https://www.asx.com.au/asx/statistics/displayAnnouncement.do?display=pdf&idsId=01942780,22/01/2018 10:14 AM,Suspension from Official Quotation,2
ELS,503.5KB,True,https://www.asx.com.au/asx/statistics/displayAnnouncement.do?display=pdf&idsId=01942779,22/01/2018 10:14 AM,Elsight Technology Critical to Protecting US Vice President,2
TIE,1.2MB,True,https://www.asx.com.au/asx/statistics/displayAnnouncement.do?display=pdf&idsId=01942778,22/01/2018 10:09 AM,Tietto Commences Extensive RC and Diamond Drilling Program,5
4CE,952.4KB,False,https://www.asx.com.au/asx/statistics/displayAnnouncement.do?display=pdf&idsId=01942777,22/01/2018 10:08 AM,Appendix 3B - Conversion of Options,15
CTW,21.4KB,False,https://www.asx.com.au/asx/statistics/displayAnnouncement.do?display=pdf&idsId=01942776,22/01/2018 10:08 AM,CitiFirst MINIs Cash Amounts for Trigger Date 19 Jan 18,1
AGS,300.6KB,True,https://www.asx.com.au/asx/statistics/displayAnnouncement.do?display=pdf&idsId=01942775,22/01/2018 10:07 AM,Aircore Drilling Completed - Nepean South Project,1
OLI,164.8KB,True,https://www.asx.com.au/asx/statistics/displayAnnouncement.do?display=pdf&idsId=01942774,22/01/2018 10:06 AM,Maryborough Land Sale Update,1
CLI,508.5KB,False,https://www.asx.com.au/asx/statistics/displayAnnouncement.do?display=pdf&idsId=01942773,22/01/2018 10:06 AM,TV interview with CLI MD on ABC News,2
ADN,777.0KB,False,https://www.asx.com.au/asx/statistics/displayAnnouncement.do?display=pdf&idsId=01942772,22/01/2018 10:05 AM,Change in substantial holding - Buratu,3
AYR,31.2KB,True,https://www.asx.com.au/asx/statistics/displayAnnouncement.do?display=pdf&idsId=01942771,22/01/2018 10:05 AM,Exploration Update - Ophara Cobalt Gold Project,1
NOX,404.9KB,False,https://www.asx.com.au/asx/statistics/displayAnnouncement.do?display=pdf&idsId=01942770,22/01/2018 10:04 AM,KZA: Receipt of securities in Noxopharm Limited (NOX),1
KZA,404.9KB,False,https://www.asx.com.au/asx/statistics/displayAnnouncement.do?display=pdf&idsId=01942770,22/01/2018 10:04 AM,Receipt of securities in Noxopharm Limited (NOX),1
AIB,368.8KB,False,https://www.asx.com.au/asx/statistics/displayAnnouncement.do?display=pdf&idsId=01942769,22/01/2018 10:03 AM,AIB - NTA Estimate $0.55,1
CAE,855.5KB,True,https://www.asx.com.au/asx/statistics/displayAnnouncement.do?display=pdf&idsId=01942768,22/01/2018 10:02 AM,Encouraging Results Extend Western Au Zone,17
BYE,204.3KB,False,https://www.asx.com.au/asx/statistics/displayAnnouncement.do?display=pdf&idsId=01942767,22/01/2018 10:02 AM,OEL: SM 71 F3 Development Well Drilling Ahead,1
OEL,204.3KB,False,https://www.asx.com.au/asx/statistics/displayAnnouncement.do?display=pdf&idsId=01942767,22/01/2018 10:02 AM,SM 71 F3 Development Well Drilling Ahead,1
BYE,544.8KB,True,https://www.asx.com.au/asx/statistics/displayAnnouncement.do?display=pdf&idsId=01942766,22/01/2018 10:02 AM,SM 71 F3 Well Update - Drilling Ahead,2
OEL,544.8KB,True,https://www.asx.com.au/asx/statistics/displayAnnouncement.do?display=pdf&idsId=01942766,22/01/2018 10:02 AM,BYE: SM 71 F3 Well Update - Drilling Ahead,2
PNI,655.9KB,True,https://www.asx.com.au/asx/statistics/displayAnnouncement.do?display=pdf&idsId=01942765,22/01/2018 10:02 AM,Market update,5
ESE,348.3KB,False,https://www.asx.com.au/asx/statistics/displayAnnouncement.do?display=pdf&idsId=01942764,22/01/2018 10:01 AM,Restricted Securities to be Released from ESCROW,1
CMA,133.2KB,False,https://www.asx.com.au/asx/statistics/displayAnnouncement.do?display=pdf&idsId=01942763,22/01/2018 10:01 AM,DRP Issue Price for Quarter Ended 31 Dec 17,2
CMA,36.0KB,False,https://www.asx.com.au/asx/statistics/displayAnnouncement.do?display=pdf&idsId=01942762,22/01/2018 9:59 AM,Update - Dividend/Distribution - CMA,4
AEB,148.0KB,False,https://www.asx.com.au/asx/statistics/displayAnnouncement.do?display=pdf&idsId=01942761,22/01/2018 9:59 AM,Voluntary Suspension,1
VCX,275.8KB,True,https://www.asx.com.au/asx/statistics/displayAnnouncement.do?display=pdf&idsId=01942760,22/01/2018 9:58 AM,December 2017 valuations,2
AUP,359.7KB,False,https://www.asx.com.au/asx/statistics/displayAnnouncement.do?display=pdf&idsId=01942759,22/01/2018 9:57 AM,AUP - NTA Estimate $4.29,1
XPE,140.8KB,False,https://www.asx.com.au/asx/statistics/displayAnnouncement.do?display=pdf&idsId=01942758,22/01/2018 9:57 AM,Expiry of Listed Options,2
MXC,484.4KB,True,https://www.asx.com.au/asx/statistics/displayAnnouncement.do?display=pdf&idsId=01942757,22/01/2018 9:57 AM,MXC Signs Exclusive Distribution Agreement with Cult Beauty,2
AFI,83.3KB,False,https://www.asx.com.au/asx/statistics/displayAnnouncement.do?display=pdf&idsId=01942756,22/01/2018 9:57 AM,NZX Appendix 7 Form,1
KGN,325.3KB,True,https://www.asx.com.au/asx/statistics/displayAnnouncement.do?display=pdf&idsId=01942755,22/01/2018 9:56 AM,Kogan.com quarterly Cash Flow Statement and Trading Update,7
CIP,243.7KB,False,https://www.asx.com.au/asx/statistics/displayAnnouncement.do?display=pdf&idsId=01942754,22/01/2018 9:56 AM,Distribution Reinvestment Plan - Issue Price,2
ADX,83.6KB,True,https://www.asx.com.au/asx/statistics/displayAnnouncement.do?display=pdf&idsId=01942753,22/01/2018 9:55 AM,Nilde Oil Redevelopment Project - Operating Approvals Update,1
GSW,357.9KB,True,https://www.asx.com.au/asx/statistics/displayAnnouncement.do?display=pdf&idsId=01942752,22/01/2018 9:55 AM,Trading Halt,2
CIP,35.7KB,False,https://www.asx.com.au/asx/statistics/displayAnnouncement.do?display=pdf&idsId=01942751,22/01/2018 9:55 AM,Update - Dividend/Distribution - CIP,4
MSV,114.9KB,False,https://www.asx.com.au/asx/statistics/displayAnnouncement.do?display=pdf&idsId=01942750,22/01/2018 9:55 AM,Change of Share Registry,1
AFI,52.8KB,False,https://www.asx.com.au/asx/statistics/displayAnnouncement.do?display=pdf&idsId=01942749,22/01/2018 9:54 AM,Dividend/Distribution - AFI,6
ISX,775.2KB,True,https://www.asx.com.au/asx/statistics/displayAnnouncement.do?display=pdf&idsId=01942748,22/01/2018 9:54 AM,Appendix 4C - quarterly,11
MEB,126.9KB,True,https://www.asx.com.au/asx/statistics/displayAnnouncement.do?display=pdf&idsId=01942747,22/01/2018 9:53 AM,Agreement with Striiv to Accelerate Commercialisation,2
FZO,241.5KB,True,https://www.asx.com.au/asx/statistics/displayAnnouncement.do?display=pdf&idsId=01942746,22/01/2018 9:53 AM,Quarterly Activities Update and Appendix 4C,10
WFE,777.5KB,True,https://www.asx.com.au/asx/statistics/displayAnnouncement.do?display=pdf&idsId=01942745,22/01/2018 9:53 AM,First cobalt acquisition completed,3
ESE,446.9KB,True,https://www.asx.com.au/asx/statistics/displayAnnouncement.do?display=pdf&idsId=01942744,22/01/2018 9:53 AM,Approvals to Commence Initial Term of ATM Offtake Agreement,2
ABA,555.2KB,True,https://www.asx.com.au/asx/statistics/displayAnnouncement.do?display=pdf&idsId=01942743,22/01/2018 9:52 AM,Completion of MoneyPlace Divestment and Trading Update,2
MOY,2.0MB,True,https://www.asx.com.au/asx/statistics/displayAnnouncement.do?display=pdf&idsId=01942742,22/01/2018 9:51 AM,Exploration Update and Redbeard Maiden Resource,24
MJC,499.3KB,True,https://www.asx.com.au/asx/statistics/displayAnnouncement.do?display=pdf&idsId=01942741,22/01/2018 9:51 AM,SFC approval received for HK Sale,1
SWJ,313.0KB,True,https://www.asx.com.au/asx/statistics/displayAnnouncement.do?display=pdf&idsId=01942740,22/01/2018 9:50 AM,Trading Halt,2
NVA,314.2KB,True,https://www.asx.com.au/asx/statistics/displayAnnouncement.do?display=pdf&idsId=01942739,22/01/2018 9:50 AM,DRILLING TO COMMENCE AT THOMPSON BROTHERS LITHIUM PROJECT,3
CZN,169.3KB,True,https://www.asx.com.au/asx/statistics/displayAnnouncement.do?display=pdf&idsId=01942738,22/01/2018 9:47 AM,Trading Halt,2
DME,360.2KB,False,https://www.asx.com.au/asx/statistics/displayAnnouncement.do?display=pdf&idsId=01942737,22/01/2018 9:44 AM,$875K Placement - Appendix 3B,13
VPR,342.4KB,True,https://www.asx.com.au/asx/statistics/displayAnnouncement.do?display=pdf&idsId=01942736,22/01/2018 9:43 AM,Trading Halt,2
EWC,180.5KB,True,https://www.asx.com.au/asx/statistics/displayAnnouncement.do?display=pdf&idsId=01942735,22/01/2018 9:43 AM,STX: Jaws-1 Update - Rig Mobilisation,1
STX,180.5KB,True,https://www.asx.com.au/asx/statistics/displayAnnouncement.do?display=pdf&idsId=01942735,22/01/2018 9:43 AM,Jaws-1 Update - Rig Mobilisation,1
PMY,218.4KB,True,https://www.asx.com.au/asx/statistics/displayAnnouncement.do?display=pdf&idsId=01942734,22/01/2018 9:41 AM,Trading Halt,2
AB1,261.0KB,True,https://www.asx.com.au/asx/statistics/displayAnnouncement.do?display=pdf&idsId=01942733,22/01/2018 9:40 AM,Trading Halt,2
BOT,372.3KB,False,https://www.asx.com.au/asx/statistics/displayAnnouncement.do?display=pdf&idsId=01942732,22/01/2018 9:40 AM,Presentation to Botanix Advisory Board,29
TGS,567.8KB,True,https://www.asx.com.au/asx/statistics/displayAnnouncement.do?display=pdf&idsId=01942731,22/01/2018 9:39 AM,Tiger signs binding agreement to divest DRC operations,6
AFI,2.0MB,True,https://www.asx.com.au/asx/statistics/displayAnnouncement.do?display=pdf&idsId=01942730,22/01/2018 9:36 AM,Half Yearly Report and Accounts as at 31 December 2017,25
CYP,200.8KB,True,https://www.asx.com.au/asx/statistics/displayAnnouncement.do?display=pdf&idsId=01942729,22/01/2018 9:33 AM,Trading Halt,2
GOO,274.5KB,True,https://www.asx.com.au/asx/statistics/displayAnnouncement.do?display=pdf&idsId=01942728,22/01/2018 9:33 AM,Gooroo delivers revenue growth of 100% in Q2,2
MEB,139.5KB,False,https://www.asx.com.au/asx/statistics/displayAnnouncement.do?display=pdf&idsId=01942727,22/01/2018 9:32 AM,Peter Carlisle Appointed as Director,2
BCD,341.4KB,False,https://www.asx.com.au/asx/statistics/displayAnnouncement.do?display=pdf&idsId=01942726,22/01/2018 9:32 AM,Removal from the Official List,1
CHK,733.4KB,True,https://www.asx.com.au/asx/statistics/displayAnnouncement.do?display=pdf&idsId=01942725,22/01/2018 9:31 AM,Suspension from Official Quotation,2
QNL,703.2KB,False,https://www.asx.com.au/asx/statistics/displayAnnouncement.do?display=pdf&idsId=01942724,22/01/2018 9:29 AM,Results of General Meeting and Transaction Update,2
MGV,1.3MB,True,https://www.asx.com.au/asx/statistics/displayAnnouncement.do?display=pdf&idsId=01942723,22/01/2018 9:28 AM,Drilling has recommenced at Break of Day and Louise,10
WBT,595.3KB,False,https://www.asx.com.au/asx/statistics/displayAnnouncement.do?display=pdf&idsId=01942722,22/01/2018 9:28 AM,Appendix 3B,12
SCI,1.7MB,True,https://www.asx.com.au/asx/statistics/displayAnnouncement.do?display=pdf&idsId=01942721,22/01/2018 9:28 AM,Strong Mineralisation Intersected in Drilling at Copper Blow,11
SDV,188.3KB,False,https://www.asx.com.au/asx/statistics/displayAnnouncement.do?display=pdf&idsId=01942720,22/01/2018 9:28 AM,SciDev Completes Sale of Zeehan to Tartana,1
IBG,171.3KB,True,https://www.asx.com.au/asx/statistics/displayAnnouncement.do?display=pdf&idsId=01942719,22/01/2018 9:27 AM,Trading Halt,2
PNL,868.0KB,True,https://www.asx.com.au/asx/statistics/displayAnnouncement.do?display=pdf&idsId=01942718,22/01/2018 9:27 AM,Poplar Grove Mine Construction Update,6
HRR,6.1MB,False,https://www.asx.com.au/asx/statistics/displayAnnouncement.do?display=pdf&idsId=01942717,22/01/2018 9:27 AM,Corporate Presentation,24
Z1P,499.4KB,False,https://www.asx.com.au/asx/statistics/displayAnnouncement.do?display=pdf&idsId=01942716,22/01/2018 9:23 AM,Appointment of Ms.Dianne Challenor as Non-Executive Director,2
ICT,138.9KB,True,https://www.asx.com.au/asx/statistics/displayAnnouncement.do?display=pdf&idsId=01942715,22/01/2018 9:23 AM,Manthano acquires specialist Oil & Gas Training Company,2
K2F,296.4KB,True,https://www.asx.com.au/asx/statistics/displayAnnouncement.do?display=pdf&idsId=01942714,22/01/2018 9:23 AM,Trading Halt,2
SPM,45.3KB,False,https://www.asx.com.au/asx/statistics/displayAnnouncement.do?display=pdf&idsId=01942713,22/01/2018 9:22 AM,mFund - Fund Profile - SPM01,1
STA,675.1KB,True,https://www.asx.com.au/asx/statistics/displayAnnouncement.do?display=pdf&idsId=01942712,22/01/2018 9:21 AM,Binding Offtake Agreement Signed for Fungoni Project,3
CGS,1.3MB,True,https://www.asx.com.au/asx/statistics/displayAnnouncement.do?display=pdf&idsId=01942711,22/01/2018 9:21 AM,Business Update & Appendix 4C,10
KNL,232.1KB,True,https://www.asx.com.au/asx/statistics/displayAnnouncement.do?display=pdf&idsId=01942710,22/01/2018 9:18 AM,Board Approves Epanko Pilot Plant Program,2
CGL,399.6KB,True,https://www.asx.com.au/asx/statistics/displayAnnouncement.do?display=pdf&idsId=01942709,22/01/2018 9:18 AM,Citadel Group Limited - Contracts Update,3
AQF,208.5KB,False,https://www.asx.com.au/asx/statistics/displayAnnouncement.do?display=pdf&idsId=01942708,22/01/2018 9:18 AM,Daily share buy-back notice - Appendix 3E,2
WGF,642.8KB,False,https://www.asx.com.au/asx/statistics/displayAnnouncement.do?display=pdf&idsId=01942707,22/01/2018 9:16 AM,Daily share buy-back notice - Appendix 3E,3
OKR,240.7KB,True,https://www.asx.com.au/asx/statistics/displayAnnouncement.do?display=pdf&idsId=01942706,22/01/2018 9:16 AM,Trading Halt,2
GAP,120.9KB,False,https://www.asx.com.au/asx/statistics/displayAnnouncement.do?display=pdf&idsId=01942705,22/01/2018 9:16 AM,Daily share buy-back notice - Appendix 3E,2
WAT,274.1KB,False,https://www.asx.com.au/asx/statistics/displayAnnouncement.do?display=pdf&idsId=01942704,22/01/2018 9:13 AM,Daily share buy-back notice - Appendix 3E,2
QIN,216.6KB,False,https://www.asx.com.au/asx/statistics/displayAnnouncement.do?display=pdf&idsId=01942703,22/01/2018 9:13 AM,Appointment of administrators,2
MA1,458.0KB,False,https://www.asx.com.au/asx/statistics/displayAnnouncement.do?display=pdf&idsId=01942702,22/01/2018 9:10 AM,Daily share buy-back notice - Appendix 3E,2
SYD,43.7KB,False,https://www.asx.com.au/asx/statistics/displayAnnouncement.do?display=pdf&idsId=01942701,22/01/2018 9:09 AM,Update - Dividend/Distribution - SYD,5
EHL,243.0KB,True,https://www.asx.com.au/asx/statistics/displayAnnouncement.do?display=pdf&idsId=01942700,22/01/2018 9:06 AM,Second Quarter Operational Update,2
DHG,158.6KB,True,https://www.asx.com.au/asx/statistics/displayAnnouncement.do?display=pdf&idsId=01942699,22/01/2018 9:06 AM,Resignation of CEO. Global search commenced for new CEO,1
FOR,31.4KB,False,https://www.asx.com.au/asx/statistics/displayAnnouncement.do?display=pdf&idsId=01942698,22/01/2018 9:05 AM,Daily NAV,1
MEA,106.0KB,True,https://www.asx.com.au/asx/statistics/displayAnnouncement.do?display=pdf&idsId=01942697,22/01/2018 9:02 AM,Earnings guidance and key organisational changes,2
MYO,132.3KB,False,https://www.asx.com.au/asx/statistics/displayAnnouncement.do?display=pdf&idsId=01942696,22/01/2018 9:01 AM,Daily share buy-back notice - Appendix 3E,2
NUS,847.8KB,True,https://www.asx.com.au/asx/statistics/displayAnnouncement.do?display=pdf&idsId=01942695,22/01/2018 8:59 AM,Potential Awak Mas Eastern Extension,17
WRM,7.1MB,False,https://www.asx.com.au/asx/statistics/displayAnnouncement.do?display=pdf&idsId=01942694,22/01/2018 8:59 AM,White Rock Presents Vancouver Resource Investment Conference,45
TBH,178.4KB,True,https://www.asx.com.au/asx/statistics/displayAnnouncement.do?display=pdf&idsId=01942693,22/01/2018 8:58 AM,Quarterly Trading Update,2
YOJ,3.2MB,True,https://www.asx.com.au/asx/statistics/displayAnnouncement.do?display=pdf&idsId=01942692,22/01/2018 8:55 AM,Yojee Completes Blockchain Integration,4
LSX,1.1MB,True,https://www.asx.com.au/asx/statistics/displayAnnouncement.do?display=pdf&idsId=01942691,22/01/2018 8:54 AM,One Asia Update,4
AC8,120.3KB,True,https://www.asx.com.au/asx/statistics/displayAnnouncement.do?display=pdf&idsId=01942690,22/01/2018 8:53 AM,HoA signed with Leading Wholesale Distributor in Australia,2
TAU,280.6KB,False,https://www.asx.com.au/asx/statistics/displayAnnouncement.do?display=pdf&idsId=01942689,22/01/2018 8:51 AM,Change of Director's Interest Notice,2
BTC,37.1KB,True,https://www.asx.com.au/asx/statistics/displayAnnouncement.do?display=pdf&idsId=01942688,22/01/2018 8:51 AM,Proposed Divestment of Biointelect,2
MON,147.3KB,False,https://www.asx.com.au/asx/statistics/displayAnnouncement.do?display=pdf&idsId=01942687,22/01/2018 8:50 AM,iNAV - UBS IQ Cash ETF,1
IVR,1.8MB,True,https://www.asx.com.au/asx/statistics/displayAnnouncement.do?display=pdf&idsId=01942686,22/01/2018 8:50 AM,High Cobalt & REEs Upgrade Potential at Historic Copper Mine,12
ECG,121.0KB,True,https://www.asx.com.au/asx/statistics/displayAnnouncement.do?display=pdf&idsId=01942685,22/01/2018 8:48 AM,Agreement to acquire Jessica's Suitcase Pty Ltd,3
TAU,280.5KB,False,https://www.asx.com.au/asx/statistics/displayAnnouncement.do?display=pdf&idsId=01942684,22/01/2018 8:48 AM,Change of Director's Interest Notice,2
IPL,545.6KB,False,https://www.asx.com.au/asx/statistics/displayAnnouncement.do?display=pdf&idsId=01942683,22/01/2018 8:44 AM,Daily share buy-back notice - Appendix 3E,2
IAU,205.9KB,False,https://www.asx.com.au/asx/statistics/displayAnnouncement.do?display=pdf&idsId=01942682,22/01/2018 8:42 AM,Daily share buy-back notice - Appendix 3E,2
ANZ,104.6KB,False,https://www.asx.com.au/asx/statistics/displayAnnouncement.do?display=pdf&idsId=01942681,22/01/2018 8:42 AM,Appendix 3E,2
FRN,661.0KB,True,https://www.asx.com.au/asx/statistics/displayAnnouncement.do?display=pdf&idsId=01942680,22/01/2018 8:39 AM,Data Processing of Aeromagnetics Survey Completed,3
A3D,138.3KB,False,https://www.asx.com.au/asx/statistics/displayAnnouncement.do?display=pdf&idsId=01942679,22/01/2018 8:38 AM,Appendix 3X - Mel Ashton,2
SDG,126.3KB,False,https://www.asx.com.au/asx/statistics/displayAnnouncement.do?display=pdf&idsId=01942678,22/01/2018 8:37 AM,Daily share buy-back notice - Appendix 3E,2
A3D,142.6KB,False,https://www.asx.com.au/asx/statistics/displayAnnouncement.do?display=pdf&idsId=01942677,22/01/2018 8:36 AM,Appendix 3X - Paul Kristensen,2
PCK,694.6KB,False,https://www.asx.com.au/asx/statistics/displayAnnouncement.do?display=pdf&idsId=01942676,22/01/2018 8:35 AM,PainChek Head of Business Development ANZ Appointment,2
ASN,2.3MB,True,https://www.asx.com.au/asx/statistics/displayAnnouncement.do?display=pdf&idsId=01942675,22/01/2018 8:33 AM,Anson Reaches Sampling Depth in Gold Bar Unit 2 Drilling,3
KYK,253.6KB,True,https://www.asx.com.au/asx/statistics/displayAnnouncement.do?display=pdf&idsId=01942674,22/01/2018 8:32 AM,Commencement of revenue from Bloomberg,1
CDV,726.4KB,True,https://www.asx.com.au/asx/statistics/displayAnnouncement.do?display=pdf&idsId=01942673,22/01/2018 8:32 AM,Namdini Infill Drilling Results Returned,20
A3D,310.5KB,False,https://www.asx.com.au/asx/statistics/displayAnnouncement.do?display=pdf&idsId=01942672,22/01/2018 8:32 AM,Appointments to the Aurora Labs Board,3
RAN,135.5KB,False,https://www.asx.com.au/asx/statistics/displayAnnouncement.do?display=pdf&idsId=01942671,22/01/2018 8:32 AM,Change in substantial holding,2
RAN,77.4KB,False,https://www.asx.com.au/asx/statistics/displayAnnouncement.do?display=pdf&idsId=01942670,22/01/2018 8:31 AM,Ceasing to be a substantial holder,2
AU8,176.9KB,False,https://www.asx.com.au/asx/statistics/displayAnnouncement.do?display=pdf&idsId=01942669,22/01/2018 8:31 AM,Appendix 3B,15
AU8,138.2KB,True,https://www.asx.com.au/asx/statistics/displayAnnouncement.do?display=pdf&idsId=01942668,22/01/2018 8:31 AM,Completion of $14m Capital Raising to Accelerate Growth,2
AJX,97.3KB,False,https://www.asx.com.au/asx/statistics/displayAnnouncement.do?display=pdf&idsId=01942667,22/01/2018 8:31 AM,Alexium appoints new Company Secretary,2
OVR,50.2KB,True,https://www.asx.com.au/asx/statistics/displayAnnouncement.do?display=pdf&idsId=01942666,22/01/2018 8:31 AM,Binding Term Sheet for the Sale of the McCleery Project,3
AVN,92.6KB,True,https://www.asx.com.au/asx/statistics/displayAnnouncement.do?display=pdf&idsId=01942665,22/01/2018 8:31 AM,AVENTUS EXECUTES $110M LOAN NOTE FACILITY,1
NCZ,89.7KB,False,https://www.asx.com.au/asx/statistics/displayAnnouncement.do?display=pdf&idsId=01942664,22/01/2018 8:31 AM,KEY OPERATIONAL APPOINTMENTS TO BOARD AND MANAGEMENT,6
AAR,2.9MB,True,https://www.asx.com.au/asx/statistics/displayAnnouncement.do?display=pdf&idsId=01942663,22/01/2018 8:30 AM,Quarterly Activities and Cashflow Report,26
API,132.0KB,True,https://www.asx.com.au/asx/statistics/displayAnnouncement.do?display=pdf&idsId=01942662,22/01/2018 8:30 AM,API trading update and outlook,1
FGO,41.0KB,False,https://www.asx.com.au/asx/statistics/displayAnnouncement.do?display=pdf&idsId=01942661,22/01/2018 8:30 AM,Release from Escrow,1
MTC,337.6KB,True,https://www.asx.com.au/asx/statistics/displayAnnouncement.do?display=pdf&idsId=01942660,22/01/2018 8:30 AM,MTC Successfully Completes MERN Mining Claim Transfers,3
MGU,415.8KB,True,https://www.asx.com.au/asx/statistics/displayAnnouncement.do?display=pdf&idsId=01942659,22/01/2018 8:30 AM,"Cloncurry East , Exciting first pass result from King Edward",9
NZC,3.3MB,True,https://www.asx.com.au/asx/statistics/displayAnnouncement.do?display=pdf&idsId=01942658,22/01/2018 8:30 AM,Monwezi returns positive Copper and Cobalt results,25
S2R,4.0MB,True,https://www.asx.com.au/asx/statistics/displayAnnouncement.do?display=pdf&idsId=01942657,22/01/2018 8:30 AM,Quarterly Activities Report,37
S2R,203.7KB,True,https://www.asx.com.au/asx/statistics/displayAnnouncement.do?display=pdf&idsId=01942656,22/01/2018 8:29 AM,Quarterly Cashflow Report,6
CVN,553.5KB,True,https://www.asx.com.au/asx/statistics/displayAnnouncement.do?display=pdf&idsId=01942655,22/01/2018 8:29 AM,Outtrim Project - Belgravia Prospect Update,2
WKT,422.9KB,True,https://www.asx.com.au/asx/statistics/displayAnnouncement.do?display=pdf&idsId=01942654,22/01/2018 8:29 AM,Rights Issue Oversubscribed,1
MRV,416.2KB,False,https://www.asx.com.au/asx/statistics/displayAnnouncement.do?display=pdf&idsId=01942652,22/01/2018 8:29 AM,Dispatch of Rights Issue,1
TMP,113.5KB,True,https://www.asx.com.au/asx/statistics/displayAnnouncement.do?display=pdf&idsId=01942653,22/01/2018 8:29 AM,TMP Selected by Tier 1 Premium Advertiser for APAC Campaigns,3
MRV,861.3KB,False,https://www.asx.com.au/asx/statistics/displayAnnouncement.do?display=pdf&idsId=01942651,22/01/2018 8:29 AM,MRV Tarong Basin Coal Progress Report,3
GMN,877.8KB,False,https://www.asx.com.au/asx/statistics/displayAnnouncement.do?display=pdf&idsId=01942650,22/01/2018 8:29 AM,Appendix 3B,12
GMN,477.7KB,False,https://www.asx.com.au/asx/statistics/displayAnnouncement.do?display=pdf&idsId=01942649,22/01/2018 8:29 AM,Issue of Options to Promotors,1
QAN,212.6KB,False,https://www.asx.com.au/asx/statistics/displayAnnouncement.do?display=pdf&idsId=01942648,22/01/2018 8:29 AM,Ceasing to be a substantial holder,8
GMN,481.1KB,False,https://www.asx.com.au/asx/statistics/displayAnnouncement.do?display=pdf&idsId=01942647,22/01/2018 8:29 AM,Exercise of Unlisted Options,1
RIO,231.6KB,False,https://www.asx.com.au/asx/statistics/displayAnnouncement.do?display=pdf&idsId=01942646,22/01/2018 8:29 AM,Shareholdings of KMP/PDMR,2
MTC,188.6KB,False,https://www.asx.com.au/asx/statistics/displayAnnouncement.do?display=pdf&idsId=01942645,22/01/2018 8:28 AM,MTC Cleansing Statement,1
SDL,1.0MB,True,https://www.asx.com.au/asx/statistics/displayAnnouncement.do?display=pdf&idsId=01942644,22/01/2018 8:28 AM,Company Update - January 2018,3
MDI,1.0MB,True,https://www.asx.com.au/asx/statistics/displayAnnouncement.do?display=pdf&idsId=01942643,22/01/2018 8:26 AM,Quarterly Activities Report,15
MDI,79.8KB,True,https://www.asx.com.au/asx/statistics/displayAnnouncement.do?display=pdf&idsId=01942642,22/01/2018 8:26 AM,Quarterly Cashflow Report,5
BAT,389.0KB,True,https://www.asx.com.au/asx/statistics/displayAnnouncement.do?display=pdf&idsId=01942641,22/01/2018 8:26 AM,80% of production covered after signing fourth offtake,2
TLM,2.7MB,True,https://www.asx.com.au/asx/statistics/displayAnnouncement.do?display=pdf&idsId=01942640,22/01/2018 8:25 AM,Quarterly Cashflow Report,5
TLM,1.2MB,True,https://www.asx.com.au/asx/statistics/displayAnnouncement.do?display=pdf&idsId=01942639,22/01/2018 8:25 AM,Quarterly Activities Report,23
CHN,5.3MB,False,https://www.asx.com.au/asx/statistics/displayAnnouncement.do?display=pdf&idsId=01942638,22/01/2018 8:25 AM,Investor Presentation,22
TAP,115.1KB,False,https://www.asx.com.au/asx/statistics/displayAnnouncement.do?display=pdf&idsId=01942637,22/01/2018 8:25 AM,Change of registered office,1
GEV,323.8KB,False,https://www.asx.com.au/asx/statistics/displayAnnouncement.do?display=pdf&idsId=01942636,22/01/2018 8:25 AM,GEV Appoints Shipping Industry Veteran as director,2
BSE,458.4KB,False,https://www.asx.com.au/asx/statistics/displayAnnouncement.do?display=pdf&idsId=01942635,22/01/2018 8:25 AM,Shares issued under Retail Entitlement Offer,2
ZLD,132.1KB,False,https://www.asx.com.au/asx/statistics/displayAnnouncement.do?display=pdf&idsId=01942634,22/01/2018 8:25 AM,Shares Begin Trading in the USA on the OTCQB Venture Market,2
BSE,255.5KB,False,https://www.asx.com.au/asx/statistics/displayAnnouncement.do?display=pdf&idsId=01942633,22/01/2018 8:25 AM,Change of Director's Interest Notice x 4,10
BSE,169.4KB,False,https://www.asx.com.au/asx/statistics/displayAnnouncement.do?display=pdf&idsId=01942632,22/01/2018 8:24 AM,Appendix 3B,8
SRI,158.3KB,True,https://www.asx.com.au/asx/statistics/displayAnnouncement.do?display=pdf&idsId=01942631,22/01/2018 8:24 AM,Quarterly Cashflow Report,4
SRI,2.3MB,True,https://www.asx.com.au/asx/statistics/displayAnnouncement.do?display=pdf&idsId=01942630,22/01/2018 8:24 AM,Quarterly Activities Report,11
FGR,245.4KB,True,https://www.asx.com.au/asx/statistics/displayAnnouncement.do?display=pdf&idsId=01942629,22/01/2018 8:24 AM,Project Development Update - FireStop,4
LEG,803.5KB,True,https://www.asx.com.au/asx/statistics/displayAnnouncement.do?display=pdf&idsId=01942628,22/01/2018 8:24 AM,Resample Assay Results & New Drill Programme at Rockford,11
MTC,711.3KB,False,https://www.asx.com.au/asx/statistics/displayAnnouncement.do?display=pdf&idsId=01942627,22/01/2018 8:23 AM,MTC Appendix 3B,14
TML,158.7KB,True,https://www.asx.com.au/asx/statistics/displayAnnouncement.do?display=pdf&idsId=01942626,22/01/2018 8:23 AM,Letter to Shareholders,1
BAU,104.5KB,False,https://www.asx.com.au/asx/statistics/displayAnnouncement.do?display=pdf&idsId=01942625,22/01/2018 8:22 AM,Receipt of Varied Proportional Off-Market Takeover Offer,1
MVT,104.5KB,False,https://www.asx.com.au/asx/statistics/displayAnnouncement.do?display=pdf&idsId=01942625,22/01/2018 8:22 AM,BAU:Receipt of Varied Proportional Off-Market Takeover Offer,1
GXY,1.6MB,False,https://www.asx.com.au/asx/statistics/displayAnnouncement.do?display=pdf&idsId=01942624,22/01/2018 8:22 AM,Becoming a substantial holder,29
CGF,3.4MB,False,https://www.asx.com.au/asx/statistics/displayAnnouncement.do?display=pdf&idsId=01942623,22/01/2018 8:22 AM,Becoming a substantial holder,54
IOT,968.6KB,False,https://www.asx.com.au/asx/statistics/displayAnnouncement.do?display=pdf&idsId=01942622,22/01/2018 8:22 AM,Appendix 3B,14
AU8,212.7KB,True,https://www.asx.com.au/asx/statistics/displayAnnouncement.do?display=pdf&idsId=01942621,22/01/2018 8:21 AM,Cleansing Prospectus,28
IOT,440.0KB,False,https://www.asx.com.au/asx/statistics/displayAnnouncement.do?display=pdf&idsId=01942620,22/01/2018 8:21 AM,Non-renounceable rights issue letter to option holders,3
LMW,12.9KB,False,https://www.asx.com.au/asx/statistics/displayAnnouncement.do?display=pdf&idsId=01942619,22/01/2018 8:21 AM,Change of Director's Interest Notice,4
XRO,140.7KB,False,https://www.asx.com.au/asx/statistics/displayAnnouncement.do?display=pdf&idsId=01942618,22/01/2018 7:38 AM,Shareholder update on Xero listing,3
BCK,173.6KB,True,https://www.asx.com.au/asx/statistics/displayAnnouncement.do?display=pdf&idsId=01942617,22/01/2018 7:30 AM,Delay in Despatch of Circular,1
